,identificador
0,4429
1,3020
2,4167
3,8166
4,2316
5,8550
6,2004
7,5164
8,6081
9,4062
10,5940
11,1300
12,2915
13,2057
14,8750
15,1502
16,3998
17,1979
18,4090
19,7411
20,4259
21,8265
22,5667
23,5173
24,4347
25,4519
26,6542
27,5718
28,2682
29,7331
30,1114
31,7819
32,3091
33,8456
34,3871
35,8163
36,3141
37,5535
38,8576
39,3565
40,5396
41,6281
42,2398
43,4696
44,6083
45,3556
46,2008
47,5266
48,7627
49,1732
50,5529
51,3573
52,6301
53,2791
54,3801
55,4223
56,7516
57,1452
58,7090
59,1431
60,6593
61,4158
62,4113
63,8505
64,4048
65,8813
66,8780
67,3099
68,1523
69,1331
70,6665
71,8294
72,3159
73,6854
74,8748
75,8278
76,2478
77,7699
78,5316
79,8806
80,3319
81,7862
82,1099
83,7940
84,8786
85,7691
86,7844
87,7536
88,2065
89,5282
90,6671
91,4233
92,5877
93,6814
94,7057
95,4087
96,1229
97,8453
98,3960
99,3227
100,5090
101,1830
102,3119
103,3623
104,2761
105,7971
106,8194
107,7534
108,7991
109,3555
110,8206
111,4593
112,3975
113,2837
114,5613
115,4435
116,8135
117,3166
118,5015
119,6490
120,6681
121,7602
122,6723
123,7549
124,5955
125,3494
126,1802
127,7874
128,7495
129,6010
130,1708
131,2914
132,1763
133,1589
134,7738
135,2468
136,8610
137,7562
138,3663
139,4437
140,4557
141,1882
142,4724
143,4769
144,6513
146,5454
147,4582
148,1376
149,4756
150,2361
151,4312
152,5009
153,7246
154,6919
155,2267
156,2165
157,4695
158,2255
159,3324
160,6050
161,7459
162,5148
163,3720
164,7994
165,4315
166,5359
167,5361
168,3361
169,4357
170,4153
171,7103
173,7765
174,5049
175,6113
176,2921
177,4052
178,6263
179,1862
180,6522
181,6069
182,6886
183,1951
184,5597
185,1311
186,8038
187,8848
188,4024
189,4019
190,6059
191,2011
192,5675
193,3321
194,3784
195,6496
196,3794
197,5939
198,8331
199,2095
201,3306
202,7905
203,6034
204,5078
205,6219
207,5479
208,6495
209,6447
210,6836
211,8315
212,8571
213,2396
214,6555
215,1544
216,6229
217,7442
218,8035
219,2407
220,1227
221,6538
222,2129
223,7030
224,7606
225,6390
226,5440
227,2079
228,7105
229,7891
230,6548
231,5786
232,2284
233,4254
234,1406
235,3089
236,5165
237,5371
239,7838
240,5670
241,5883
242,8255
243,6184
244,5519
245,1546
246,4028
247,4071
248,4718
249,5259
250,6623
251,5345
252,8508
253,4283
254,2022
255,8899
256,8890
258,7340
259,7573
260,7060
261,8735
262,3284
263,7111
264,8507
265,3001
266,4399
267,1733
268,1134
269,7950
270,4390
271,8521
272,8233
274,2108
275,7969
276,1296
277,6131
278,5666
279,7494
280,3600
281,2060
282,7998
283,5098
284,3637
285,2666
286,6485
287,6346
288,5502
289,6457
290,1952
291,8433
292,8803
293,2835
294,7566
295,2867
296,4635
297,5140
298,5921
299,8320
300,1948
301,5128
302,3866
303,8679
304,6625
305,2180
306,8009
307,5540
308,7695
309,5711
310,5256
311,4492
312,7800
313,8949
315,7687
316,4819
317,4376
318,6315
319,5240
320,4893
321,6741
322,6894
323,8542
324,4294
325,4855
326,6155
327,6173
328,3215
329,5881
330,2648
331,8625
332,4051
333,1925
334,7380
335,6099
336,4555
337,6954
338,7473
340,6948
341,5062
342,7873
343,4638
344,3527
345,3219
346,5712
347,6427
348,4237
349,5283
350,7910
351,8420
352,6995
353,6260
354,3038
355,7743
356,8406
357,8154
358,1096
359,4770
360,2062
361,1127
362,1415
363,6133
364,4003
365,7734
366,2437
367,5714
368,1226
369,8270
370,1068
371,8646
372,3491
373,5253
374,1793
376,8271
377,3515
378,8199
379,8705
380,6343
381,4871
382,6415
383,1029
384,2992
385,8466
386,1831
387,4308
388,7507
389,3261
390,8367
391,6112
392,8736
393,8448
394,8918
395,6553
396,5915
397,5011
398,6196
399,4285
400,3000
401,5995
404,7916
405,3523
406,2662
407,2188
408,4617
409,6701
410,4548
411,8911
412,3269
413,2888
414,2229
415,1875
416,3007
417,7092
418,1622
419,3800
421,8648
422,6020
423,2459
424,3179
425,1230
426,8724
427,6230
428,3996
429,1976
430,8855
431,8900
432,4630
433,8119
434,6334
435,4453
436,6070
437,8437
439,1598
440,5622
442,7357
443,8408
445,6017
446,3008
447,1773
448,7272
450,8459
451,7225
452,1986
453,6386
454,1285
455,8478
456,2455
457,1149
458,8974
461,1840
462,2891
463,4323
464,8681
465,3994
466,2137
467,6156
468,4528
469,8424
472,3287
473,6369
474,4760
475,1343
476,1759
477,3959
478,7290
479,2002
480,1488
481,2576
482,4802
483,8967
484,7116
485,3550
486,4144
487,6729
488,2052
489,4281
490,4645
491,1686
492,1240
493,1399
494,8789
495,1696
496,1471
497,3097
498,6866
499,8227
500,3409
501,5690
502,1373
503,4797
504,2441
505,1903
506,5754
507,1628
508,7285
509,4911
510,8914
511,2461
512,1249
513,4105
514,4954
515,8236
516,5805
517,2369
519,1084
520,4723
521,4477
522,7370
523,5987
524,7391
525,5846
526,4803
527,1941
528,2922
529,6938
532,8537
533,8022
534,6436
535,6246
536,1509
537,2652
538,1448
539,4618
540,3516
541,4858
542,5793
543,6620
544,3855
545,2698
546,2218
547,7937
548,7754
549,1169
550,4466
551,3969
552,1294
553,6641
554,5341
556,1604
557,3046
558,7028
559,5039
560,7953
561,7505
562,1005
563,3016
564,4936
565,6170
566,7690
567,1866
568,7868
569,3760
570,7997
571,5475
572,1971
573,2872
574,1377
575,6009
577,3365
578,7221
579,6216
581,6488
582,7789
583,8470
584,1512
585,8208
586,5064
587,7150
588,4643
589,3808
590,6213
591,4796
592,2448
594,4818
596,8589
597,7697
598,6852
599,2248
600,4636
602,5453
603,3061
604,1676
605,5533
606,5917
607,5859
608,6960
609,2304
610,5494
611,4128
612,6119
613,5633
614,5956
615,7718
616,3167
617,4632
618,2834
619,7995
620,1536
621,7068
622,4690
623,2119
624,5047
626,2748
627,7088
628,4799
629,4026
630,5772
631,4286
632,3535
633,3176
634,6430
635,7725
636,6882
637,1792
638,8030
639,2684
640,3413
642,7196
643,4331
644,3151
645,5312
648,2365
649,4456
650,8112
651,7251
652,1634
653,7447
654,3819
655,8026
656,2421
657,2611
658,7759
659,5563
660,4239
661,1679
662,8049
663,1239
664,5054
665,4140
666,2743
667,1049
668,3997
669,3966
670,2380
671,8379
672,6397
673,3314
674,8946
676,3026
677,4432
678,1531
679,3914
680,4863
681,5249
682,6352
683,4773
684,2892
685,2810
686,7162
687,8620
688,1618
689,5857
690,8766
691,3270
692,6132
693,2356
694,3963
695,7568
696,5911
697,1884
698,1616
700,1949
701,3753
702,6826
703,4409
704,3236
705,3711
706,2605
707,8144
708,6191
709,7184
710,7147
711,5455
712,3424
713,6640
714,1305
715,2513
716,6682
717,5130
718,3487
719,8562
720,2840
721,5142
722,5679
723,4663
724,4931
725,5246
726,6812
727,8133
728,1537
729,8473
730,8195
732,8733
733,8129
734,3916
735,4132
736,7719
737,2352
738,4689
739,1558
740,2045
741,3190
742,1563
743,7702
744,7513
745,6182
746,3665
747,1856
748,1691
749,3122
750,1041
751,4015
752,6917
753,8765
754,1738
755,3369
756,5420
758,7522
759,1461
760,3848
761,6580
762,2965
763,1116
764,8168
765,7911
766,6808
768,7658
769,3679
770,6072
771,8912
772,3468
773,5155
774,7895
775,4321
776,3078
778,5800
779,3688
780,2347
781,7452
782,6329
783,5180
784,6484
785,2479
786,4609
787,6074
788,8992
789,6151
790,4942
791,7775
792,1352
793,5329
794,4739
795,1342
796,5797
797,4159
798,7816
799,6926
801,1220
802,8514
803,4370
804,7326
805,3554
806,6818
807,4748
808,4165
809,8109
810,6643
811,2302
812,8922
813,8141
814,7019
815,5696
816,1254
817,4475
818,2183
819,7229
820,1309
822,5060
823,4798
824,8472
825,6234
826,7653
827,6044
828,4193
829,8201
830,7332
831,7845
833,6052
834,7258
835,5241
836,5289
837,2203
838,3499
839,6310
840,6194
841,2742
842,5313
843,5842
844,6994
846,8835
847,2028
848,6535
849,1193
850,5115
851,1897
853,2123
854,2665
856,3004
857,7296
858,4698
859,6972
860,8935
862,2415
863,6883
864,7924
865,3297
866,5795
867,5669
868,4734
869,3093
870,6275
871,3601
872,2861
873,2542
874,6831
875,8177
876,1760
877,3925
878,1017
880,3332
881,6529
882,4111
883,4448
884,2484
885,5105
886,3643
887,7254
888,1921
889,1150
891,6233
892,1439
893,1210
895,2976
896,8493
897,7510
898,6980
899,4677
900,4619
901,5530
902,3504
903,7614
904,8555
905,8436
906,5573
907,5207
908,6969
909,2833
911,8687
912,4277
913,3631
915,2625
916,5179
917,7537
918,7644
919,4498
920,6040
922,2971
923,1136
924,6186
925,2851
926,4305
928,5658
929,3217
930,5598
931,4592
932,8566
933,1985
934,2098
935,2602
936,7187
937,8629
938,2701
939,3435
940,7450
941,3677
942,3710
943,7104
944,1895
945,3776
946,7629
947,8843
948,1145
949,7813
950,7444
951,6783
952,3849
953,2720
954,6633
955,4950
956,2283
957,7634
958,1718
959,2358
960,5737
961,8936
962,5963
963,3986
966,4319
967,2887
968,3220
969,4532
970,6417
971,4010
972,6790
973,1962
974,1337
975,4939
976,6041
977,8572
978,7314
979,3850
980,7533
981,8447
982,1613
983,8360
985,1689
986,8807
987,6728
988,4928
990,2266
991,6454
992,8598
993,1208
994,1771
995,6138
996,4971
997,4567
998,1877
999,8621
1000,4512
1001,3397
1002,3005
1003,4728
1004,3544
1005,6103
1006,4761
1007,6933
1009,8106
1010,5125
1011,5792
1012,5349
1013,6089
1015,7709
1016,5411
1017,7355
1018,5817
1019,8916
1020,4032
1021,6673
1022,7981
1024,4401
1025,3035
1026,1843
1027,1333
1028,6269
1031,7794
1032,3230
1033,6799
1034,1288
1035,7902
1036,1252
1038,3839
1039,4001
1041,8429
1042,4965
1043,6189
1044,2668
1045,8327
1046,4658
1047,7352
1048,3149
1049,3344
1050,4042
1051,1375
1052,8517
1053,2481
1054,6351
1055,4266
1056,8369
1057,1175
1058,1599
1059,2669
1060,7802
1061,5890
1062,3931
1063,7723
1064,8722
1065,4523
1066,5317
1067,2105
1068,4883
1069,1418
1070,1580
1071,8213
1072,1464
1073,5561
1074,3857
1075,6639
1076,8895
1077,7171
1078,1608
1079,5322
1080,5325
1081,6935
1082,4960
1084,5542
1085,4279
1086,1731
1088,6832
1089,7169
1091,4081
1092,2138
1093,7807
1094,4961
1095,8151
1097,2823
1098,3920
1099,6780
1100,7739
1101,8136
1102,1483
1104,4226
1105,8034
1106,5038
1107,3862
1108,4588
1109,8706
1110,4775
1112,6860
1113,6298
1114,5483
1115,5579
1116,4999
1117,4809
1118,8881
1119,8747
1120,8346
1121,7218
1124,4821
1125,7255
1126,3193
1127,3956
1128,8713
1129,8638
1130,5407
1132,1868
1133,6398
1134,1811
1135,7313
1136,3635
1137,6261
1138,7220
1139,3719
1140,5873
1142,1396
1143,7930
1144,2472
1145,6429
1146,6849
1147,1203
1148,4788
1149,2676
1150,7348
1152,8686
1153,5928
1154,5052
1155,1238
1156,5629
1157,6722
1158,1906
1159,4257
1160,6066
1161,4423
1162,4396
1163,8639
1164,1940
1165,7654
1166,1290
1167,5401
1168,5274
1169,3496
1170,5450
1172,1071
1173,4115
1174,5178
1175,2161
1176,5753
1177,2454
1178,5003
1179,7089
1180,1515
1181,6900
1182,2511
1183,7711
1184,6478
1185,5594
1186,3547
1187,6251
1188,2256
1189,5273
1190,5760
1191,6124
1192,1798
1193,7451
1194,2608
1195,7790
1197,2726
1198,7102
1199,1100
1200,7623
1201,8074
1202,1104
1203,8240
1204,8677
1205,7896
1206,3396
1209,6227
1210,8952
1212,7417
1213,2935
1215,2413
1216,4585
1217,7931
1218,4629
1219,1459
1221,1025
1223,3338
1225,3465
1226,7515
1227,3010
1228,5960
1229,7586
1230,6556
1231,1617
1232,2603
1233,3249
1235,8627
1238,2237
1240,8384
1241,4957
1242,5057
1244,3597
1245,2247
1246,1133
1247,4260
1248,8668
1249,7188
1250,6419
1251,5878
1252,5203
1254,6703
1256,2908
1258,3019
1259,5389
1260,4421
1261,2972
1262,4744
1263,1786
1264,5888
1265,7086
1266,6996
1267,2343
1268,7832
1269,2116
1270,7569
1271,2427
1272,4782
1273,4493
1274,4124
1275,6001
1276,4244
1277,2852
1278,2333
1280,8547
1281,8146
1282,5176
1283,6393
1284,6438
1285,8896
1286,5751
1287,5311
1289,7666
1290,1030
1293,5131
1294,2649
1296,7970
1297,8573
1298,6885
1299,5896
1301,5811
1302,8984
1305,1191
1306,3259
1307,7686
1308,5719
1309,1745
1310,7001
1311,8352
1312,2495
1315,7291
1316,3512
1318,6024
1319,2913
1320,2154
1321,2463
1322,3403
1323,1200
1325,2739
1326,1387
1328,4107
1329,7002
1330,3351
1331,6414
1332,1247
1333,3304
1334,3137
1335,8495
1336,5254
1337,6011
1339,6974
1340,1801
1341,7755
1342,7435
1343,7867
1345,4275
1346,6530
1347,3539
1348,3725
1349,5225
1350,8122
1351,1204
1353,4706
1354,6631
1355,8619
1356,6416
1357,4508
1358,6864
1359,5900
1360,4894
1361,2219
1362,3156
1365,7591
1366,7487
1367,7049
1368,4720
1369,3132
1370,1031
1372,2818
1374,5257
1375,4507
1376,3057
1377,8809
1378,1276
1379,6924
1380,1347
1381,4670
1382,1070
1383,3608
1384,3525
1386,7577
1387,6098
1388,3357
1389,1981
1391,1967
1392,3976
1394,3559
1395,4067
1396,5759
1397,6125
1398,1291
1399,4828
1400,8999
1401,6110
1402,4659
1403,1803
1404,2434
1406,1381
1407,2241
1408,2366
1409,2641
1410,3893
1411,5903
1412,6220
1413,7384
1414,4994
1415,4366
1418,4909
1419,7125
1420,4959
1421,7547
1422,8827
1423,5650
1424,2732
1425,1098
1427,3735
1428,7298
1429,8525
1431,2977
1433,5031
1434,5161
1435,5706
1436,7163
1439,1643
1440,3178
1441,5211
1442,6991
1443,3117
1444,2738
1445,8558
1447,5442
1448,6448
1449,6087
1451,1611
1452,8670
1453,8183
1454,5732
1455,7951
1456,1965
1457,5027
1458,5567
1459,8801
1460,7523
1461,7056
1462,6978
1464,4746
1466,4864
1467,7987
1468,5554
1469,3207
1470,7402
1471,8003
1473,1427
1474,2351
1475,8628
1476,7673
1477,3584
1478,1800
1479,1224
1480,8661
1481,2564
1482,4901
1483,6747
1484,2758
1485,6240
1486,8520
1487,4924
1489,8304
1491,4571
1492,5804
1493,8805
1495,4651
1498,8556
1499,6685
1503,6567
1504,7499
1506,3068
1507,7656
1509,7710
1510,2440
1511,4112
1512,2285
1513,4046
1515,2126
1517,8689
1520,8836
1521,6992
1522,7876
1523,8590
1524,1625
1525,7244
1526,7541
1528,4110
1529,2689
1530,7608
1531,3392
1532,6977
1533,5355
1534,2979
1535,4926
1536,1928
1537,4403
1538,7311
1539,4997
1540,8419
1541,2411
1542,8332
1543,4654
1544,4851
1545,1154
1546,4205
1548,3482
1549,8983
1550,5601
1552,3706
1553,4346
1554,4991
1555,7363
1557,7464
1558,3364
1559,8413
1561,6353
1562,4341
1563,5344
1566,3368
1567,3611
1568,3508
1569,7904
1570,5705
1571,7414
1572,7462
1573,2799
1574,2391
1576,8350
1577,8241
1578,2075
1579,7013
1580,2451
1582,4497
1583,7277
1584,1521
1585,7288
1586,4920
1588,5028
1590,3796
1591,4322
1592,7756
1593,4447
1594,2842
1595,8167
1596,2841
1597,6468
1598,6022
1599,4101
1600,4627
1601,3360
1602,6967
1603,5092
1604,1945
1605,5081
1606,1256
1607,7274
1608,1494
1609,6696
1610,2423
1611,8252
1612,4815
1614,5824
1615,1487
1617,6137
1618,1085
1619,6449
1621,8691
1622,5379
1623,8910
1624,8869
1627,8178
1628,1559
1629,6738
1630,2374
1631,3086
1634,8699
1635,8402
1636,1186
1638,2954
1639,6800
1640,6036
1642,1974
1644,4397
1645,1835
1646,1858
1647,6990
1649,6439
1651,2963
1654,4420
1655,3248
1656,7713
1659,4543
1660,1873
1661,5924
1662,4350
1663,5174
1664,4236
1665,3592
1667,7241
1668,6317
1669,7455
1670,2782
1671,3517
1672,6480
1673,7198
1675,5280
1676,8068
1677,8903
1678,1514
1680,3108
1681,1874
1682,5374
1683,7849
1684,4755
1685,3393
1686,3476
1688,7011
1690,6627
1691,6237
1692,8461
1693,4795
1694,4122
1696,2314
1697,4476
1698,3607
1700,5218
1701,2269
1704,4317
1706,6013
1707,8579
1708,7085
1709,2076
1710,6605
1711,6061
1712,2898
1713,5750
1714,2951
1715,5627
1716,5102
1717,7539
1718,4996
1719,1467
1720,2147
1721,2326
1723,2310
1724,3456
1725,2779
1726,2755
1727,7688
1728,4881
1729,4702
1730,1117
1731,1257
1732,3198
1733,6940
1734,4203
1736,6880
1737,5618
1738,3023
1739,4606
1740,2786
1741,7408
1743,8242
1744,7684
1746,6614
1747,3045
1748,1910
1749,1334
1750,1896
1751,6092
1752,1829
1753,7784
1754,7250
1755,6086
1756,6841
1757,7485
1758,5094
1759,5190
1760,3264
1761,1999
1762,3922
1763,6923
1765,2235
1766,1482
1767,2707
1768,3718
1769,6989
1770,1709
1771,1164
1772,7919
1773,7047
1775,5045
1776,4916
1777,7295
1779,8132
1780,3702
1781,6209
1782,1776
1784,8695
1785,6716
1787,7733
1788,6053
1789,6762
1790,7113
1791,1568
1792,7980
1793,8575
1794,8295
1795,7409
1796,4154
1797,8015
1798,4975
1799,2176
1800,8774
1801,1234
1803,2261
1804,5698
1805,4299
1806,4897
1807,2039
1808,6652
1810,5952
1812,8080
1813,7585
1814,7604
1815,4915
1817,2630
1818,4194
1820,1344
1821,2069
1822,3472
1823,5351
1824,8861
1825,1445
1829,5369
1830,5216
1831,4310
1832,1069
1833,2142
1834,6927
1835,3961
1837,6564
1838,6872
1839,6405
1840,4672
1842,1266
1843,1854
1844,2737
1845,5546
1846,2506
1847,8418
1852,3993
1853,1172
1855,7084
1856,7731
1857,3988
1858,4009
1859,2177
1860,8876
1861,6684
1862,7777
1863,8698
1864,2953
1865,3595
1866,3254
1867,7899
1868,3124
1870,8094
1871,6258
1872,7430
1873,3418
1874,4502
1876,5151
1878,4538
1880,7410
1881,4546
1883,7921
1884,2691
1885,2453
1886,2792
1887,7460
1888,7517
1889,4983
1890,2724
1891,6179
1892,3488
1893,1621
1894,2162
1895,2590
1896,1869
1898,6521
1899,8762
1900,2843
1901,5422
1902,7748
1903,6806
1904,7270
1905,1573
1906,4801
1907,6811
1908,8678
1909,3450
1910,8345
1911,4738
1912,1040
1913,8696
1916,3797
1917,3185
1918,4314
1919,2030
1920,1077
1921,1528
1922,2839
1923,8257
1924,3947
1925,8539
1926,4872
1927,6608
1929,1171
1930,3399
1931,1118
1932,3610
1933,6638
1934,4903
1935,7222
1936,7548
1937,8337
1938,4794
1939,4784
1940,5985
1942,1332
1944,4054
1948,8323
1949,8403
1951,8239
1952,1112
1954,1473
1955,8640
1956,8075
1958,4229
1959,3736
1960,2508
1961,4869
1962,6432
1963,6571
1964,8474
1965,7392
1967,2111
1968,3142
1970,7781
1971,6815
1974,1804
1975,7292
1976,7963
1977,1178
1978,2531
1980,3543
1981,6248
1982,4000
1983,7055
1984,3003
1985,8513
1986,3664
1987,7753
1988,1088
1989,4301
1990,3912
1992,4968
1993,3551
1994,7014
1995,2381
1996,5309
1997,3524
2000,8893
2001,8198
2002,4282
2003,6272
2005,7886
2006,7223
2007,7736
2008,1362
2009,5352
2010,2948
2011,4316
2014,7936
2015,7885
2017,3880
2018,5822
2019,1648
2020,3041
2021,5222
2022,5163
2023,7682
2024,7964
2025,4358
2026,2721
2027,4369
2028,7219
2029,2518
2030,5664
2031,5337
2032,3651
2033,6558
2034,4930
2036,4125
2039,8970
2040,4987
2041,1992
2042,4853
2043,2345
2045,3860
2046,7768
2047,4576
2048,2598
2049,3447
2051,8591
2052,3233
2053,2556
2054,4291
2056,1690
2057,8339
2058,3876
2059,4119
2060,1001
2061,8016
2062,5043
2064,6136
2065,6646
2066,5307
2067,5736
2068,7469
2069,5460
2070,8499
2071,5975
2075,6566
2076,3941
2077,3708
2078,2955
2079,7000
2080,3529
2081,8450
2082,3015
2084,8723
2085,6143
2086,3909
2087,2264
2089,3469
2090,2860
2091,1753
2092,5733
2094,2659
2096,3173
2097,4730
2098,5357
2099,3746
2100,4740
2101,7050
2102,3271
2103,7420
2104,5012
2105,1545
2107,4188
2109,2932
2110,5790
2113,5849
2114,3689
2116,6221
2117,5665
2118,8398
2119,3412
2120,8465
2121,5158
2122,2599
2123,3446
2124,6256
2125,3438
2126,3865
2128,1251
2129,2610
2130,3882
2131,3109
2132,4862
2133,8440
2134,4014
2135,6862
2137,7063
2139,8830
2140,8468
2141,7840
2143,3405
2144,5853
2145,4440
2148,8764
2149,3116
2150,4765
2151,5752
2152,5858
2153,4354
2154,6509
2155,8451
2156,7443
2157,8937
2158,6499
2159,8229
2160,8693
2163,3911
2165,6152
2167,7708
2169,2696
2171,7595
2173,6183
2174,1090
2175,5560
2176,8515
2177,3266
2178,2529
2179,2970
2180,4096
2181,7946
2182,6471
2185,6400
2186,7359
2187,3814
2188,2756
2189,1389
2190,4981
2191,1954
2192,7418
2193,2645
2194,5850
2195,5526
2196,4073
2197,1384
2198,6672
2199,4790
2200,7508
2201,3135
2203,6840
2204,5645
2205,7006
2206,8489
2207,7805
2208,5279
2209,4264
2210,3763
2211,8223
2214,7193
2216,4252
2218,7651
2219,4988
2220,1504
2222,1859
2223,5520
2224,8209
2225,7023
2226,5556
2227,1513
2228,6174
2229,3422
2230,6501
2231,7401
2232,2226
2233,1680
2234,3419
2235,2049
2236,7330
2237,7139
2238,5872
2239,1425
2241,1349
2242,3274
2244,7836
2245,5275
2246,3634
2248,3239
2249,3930
2250,3701
2251,5808
2252,1414
2254,6947
2255,1826
2256,2703
2257,7071
2258,8616
2259,3957
2260,8397
2261,4464
2262,8140
2263,1358
2264,2053
2266,4459
2268,5181
2269,3036
2270,4841
2271,4430
2272,5839
2273,4092
2274,2629
2275,8823
2277,2672
2278,2181
2281,3888
2282,6782
2283,8434
2284,7232
2285,8934
2286,6497
2287,6075
2291,2579
2292,2195
2293,4509
2294,8416
2295,1188
2296,2460
2297,1832
2299,2054
2300,1730
2301,3237
2302,8657
2304,7017
2305,2862
2306,8779
2308,5390
2309,5056
2311,6160
2313,7947
2315,3717
2317,8092
2318,4764
2319,8215
2320,3352
2321,8739
2322,7432
2323,5611
2324,5248
2325,4907
2328,2405
2329,6982
2331,3130
2333,7972
2334,4372
2336,6200
2337,7407
2338,3928
2339,4011
2341,3618
2342,8818
2343,4929
2344,3196
2345,4020
2346,4868
2347,7615
2348,7040
2351,6402
2352,2600
2354,6266
2360,5154
2361,2433
2362,2306
2363,6892
2364,6648
2365,2000
2367,1658
2368,2950
2369,4221
2370,1283
2371,5006
2372,2212
2373,6910
2375,8690
2376,8067
2377,8073
2378,3761
2379,5516
2380,1684
2381,4878
2382,7260
2383,3887
2385,4228
2386,6102
2387,1700
2388,2318
2389,8235
2390,1450
2391,4362
2392,5583
2393,2051
2394,7996
2395,6928
2397,5656
2399,1506
2400,8243
2401,6033
2402,5302
2403,3962
2404,1190
2405,8703
2406,1507
2407,4404
2411,3486
2413,1570
2414,7721
2415,5513
2416,7979
2417,5994
2418,1301
2419,6313
2420,7144
2421,4131
2422,7685
2423,4271
2424,7956
2425,3770
2426,8879
2428,4566
2429,7757
2430,5007
2431,4415
2432,6303
2433,3538
2434,6321
2436,8308
2437,5568
2438,2112
2440,7489
2441,8480
2442,1469
2443,8428
2444,7299
2445,3138
2446,2430
2447,7948
2448,5725
2449,1660
2450,2846
2451,7266
2452,6915
2453,4895
2455,3826
2456,4288
2458,6127
2460,5807
2462,2061
2464,3654
2466,6431
2467,7619
2469,8096
2471,1893
2472,3071
2473,6494
2475,2498
2476,7818
2477,2812
2478,8261
2479,2169
2480,5692
2481,5816
2482,3740
2483,3686
2484,1687
2486,2339
2490,8377
2491,5897
2492,5680
2493,7478
2494,5150
2497,4904
2499,8396
2500,3356
2502,6752
2504,6242
2506,7474
2508,2983
2509,7194
2511,3795
2512,2999
2513,6802
2515,4485
2517,7431
2518,7527
2521,8649
2522,7374
2523,1519
2526,5025
2527,1083
2529,1137
2532,7457
2533,4860
2535,7066
2536,4849
2537,4499
2539,5702
2540,4424
2541,3704
2542,6568
2543,7378
2544,8884
2545,4189
2546,6106
2548,2959
2549,1630
2550,8303
2551,2145
2552,2491
2553,5835
2555,2209
2556,5236
2557,1258
2562,1441
2563,2276
2564,6037
2565,3820
2566,1727
2567,2268
2568,3443
2570,4697
2571,6208
2575,4462
2576,2394
2577,8953
2579,1930
2581,5788
2582,6615
2583,7863
2584,6664
2585,5973
2586,8863
2587,6437
2588,7546
2591,7639
2592,6249
2594,5019
2595,4554
2597,8169
2598,5499
2599,3391
2600,5430
2603,4995
2604,5717
2605,1757
2607,3648
2608,1704
2609,7215
2610,4792
2612,2708
2613,6077
2614,4951
2615,2561
2617,1987
2618,8130
2623,8335
2625,1268
2626,2688
2628,8226
2629,3379
2630,3982
2631,8202
2632,7645
2633,8088
2634,4906
2635,3140
2636,3290
2637,6104
2638,5127
2639,2265
2640,6718
2641,6476
2642,6371
2643,5852
2645,8053
2648,4061
2649,6054
2650,4505
2651,3854
2654,4993
2655,8752
2656,6943
2657,2740
2658,4184
2659,3234
2660,5608
2661,6531
2662,4847
2663,3621
2667,3054
2668,2386
2669,6107
2671,5037
2672,3533
2673,7974
2674,1139
2675,8426
2676,3558
2677,6828
2678,1652
2680,1888
2681,8483
2684,5133
2685,6732
2686,2783
2687,2624
2690,1061
2691,1185
2692,8232
2693,4758
2694,7441
2695,4428
2697,3904
2698,3309
2699,7385
2702,3371
2704,3445
2705,5931
2706,3043
2707,7883
2709,5672
2710,2163
2711,5215
2712,1144
2713,4923
2714,8334
2715,1153
2718,3858
2720,2588
2721,6207
2722,3973
2723,2796
2725,2084
2727,6775
2728,8097
2729,4463
2730,2303
2732,5619
2733,6364
2735,8375
2736,5673
2737,8714
2743,8435
2744,5981
2747,5874
2748,8040
2749,8460
2750,2050
2751,8673
2754,2447
2755,3507
2758,2038
2759,8930
2761,6942
2762,5929
2764,6859
2765,4787
2767,7267
2768,2889
2769,1779
2770,1711
2772,6358
2773,1649
2776,7208
2777,4949
2780,8372
2781,2776
2782,2678
2784,6164
2785,1998
2787,6554
2788,2475
2789,2541
2790,2902
2791,1361
2792,2838
2793,3788
2794,4138
2795,8405
2796,3838
2797,4490
2798,3160
2799,2088
2800,1231
2802,8541
2803,2638
2804,2744
2805,3022
2806,6920
2807,1167
2810,5008
2811,3222
2815,4332
2816,8421
2819,8635
2820,8791
2821,7875
2822,2436
2823,4371
2828,3125
2829,3835
2830,1165
2832,8964
2833,6176
2834,8338
2835,5192
2836,2141
2837,1645
2838,7214
2839,7129
2840,2929
2841,5565
2842,8662
2844,3112
2846,1885
2847,5398
2848,6141
2849,7903
2850,8388
2851,7637
2852,6820
2853,6904
2855,2467
2857,3383
2858,4488
2860,8889
2861,3657
2862,3120
2863,2279
2864,8512
2866,8857
2867,5147
2868,4021
2870,3950
2872,5235
2875,5418
2876,4368
2878,3641
2879,8755
2881,3619
2882,2581
2883,2208
2884,5382
2886,8064
2887,1453
2888,3874
2889,1841
2890,3698
2893,8683
2894,5925
2895,1794
2896,7696
2897,2073
2898,7572
2899,7833
2900,3400
2901,6031
2903,6714
2907,5193
2908,6550
2909,8291
2910,4040
2911,5021
2914,5625
2915,1929
2918,2371
2919,3869
2923,2640
2925,4334
2927,6387
2928,1844
2929,7042
2930,5330
2931,5439
2934,1527
2935,3846
2937,8613
2941,7170
2943,6907
2944,5488
2946,5083
2947,5575
2948,1277
2950,4436
2952,8412
2954,2197
2955,1837
2956,1159
2957,2196
2958,2704
2959,8266
2960,5682
2961,1860
2964,2187
2965,2093
2966,1318
2968,5918
2969,6540
2971,5548
2973,8417
2974,1535
2975,1602
2976,8545
2978,4666
2980,6922
2981,4166
2982,5747
2985,6813
2986,5319
2987,5223
2989,2681
2992,7665
2993,5360
2995,1214
2997,7843
2998,8887
3000,7320
3001,1340
3005,5566
3006,6297
3007,1931
3008,6645
3012,3417
3014,1741
3015,5323
3018,2497
3020,6461
3021,8651
3022,2578
3023,8077
3028,2505
3029,5084
3030,2822
3031,7074
3034,6793
3035,2856
3036,1241
3037,8363
3038,7016
3039,3075
3040,6592
3042,8667
3045,2390
3046,1694
3048,6027
3049,8381
3051,6123
3052,5895
3053,5465
3054,6735
3055,8982
3056,7134
3058,6697
3059,4008
3060,1601
3061,7069
3062,1755
3063,7543
3065,4200
3067,1022
3068,4889
3069,3750
3071,8787
3072,5339
3073,4824
3074,5182
3076,7178
3077,3011
3078,7072
3081,8011
3082,8554
3083,4134
3084,7446
3085,6779
3086,2009
3087,1009
3088,1162
3089,7379
3090,1336
3094,8500
3095,4242
3096,4215
3098,1468
3100,1725
3101,7123
3102,8622
3103,3449
3105,1484
3106,2760
3107,5053
3108,8005
3109,1663
3111,3079
3112,5068
3114,4027
3115,7282
3117,4574
3118,3402
3119,1237
3122,6498
3124,7436
3127,7826
3129,5635
3130,8957
3131,5908
3134,2363
3135,4216
3138,2362
3139,2240
3141,8430
3142,6464
3143,8853
3144,2573
3146,6135
3147,4867
3149,8631
3151,2048
3152,6976
3154,5504
3157,5689
3158,7491
3159,3951
3160,6271
3161,2420
3162,5143
3164,8296
3165,8102
3167,8851
3169,5277
3170,6951
3171,3900
3172,1863
3175,1881
3176,5926
3177,6686
3178,3989
3179,3192
3180,1273
3183,2296
3185,4827
3188,3212
3189,2619
3190,5346
3191,2250
3192,4680
3193,1855
3194,5291
3195,8672
3197,5538
3198,2660
3199,8282
3200,4025
3201,8978
3202,6014
3203,5169
3204,4693
3205,1788
3206,1248
3207,2410
3208,7655
3210,1020
3211,4820
3213,6523
3214,5459
3215,3509
3216,1815
3217,2246
3219,8688
3220,3407
3221,4857
3223,1644
3224,2537
3225,4669
3226,2656
3227,4540
3228,6632
3229,2416
3231,1000
3232,3847
3233,1665
3234,2820
3236,1973
3237,8254
3238,5964
3240,8469
3241,7575
3242,5244
3243,7108
3244,6088
3245,3421
3247,1578
3248,7823
3249,2873
3250,8359
3252,7752
3253,2525
3254,2937
3258,8531
3259,5187
3260,6510
3261,1436
3262,4985
3263,1836
3264,6941
3266,8754
3268,6516
3269,8281
3270,2311
3271,1243
3272,8602
3274,4536
3276,8128
3277,7032
3279,4296
3281,8569
3282,5941
3284,6536
3285,1187
3288,7812
3289,8829
3290,7727
3291,5615
3292,1816
3293,3775
3294,6847
3298,2233
3299,5214
3300,6473
3302,5444
3303,6399
3304,5996
3305,5149
3306,6663
3307,3059
3308,8731
3310,6428
3312,2653
3318,7780
3320,5387
3321,6062
3324,8564
3325,3459
3326,6695
3327,2058
3328,1614
3329,7570
3331,8501
3335,5338
3337,6140
3339,3813
3340,1638
3341,3995
3344,6506
3346,3564
3352,1781
3354,7778
3355,8285
3356,6824
3357,7281
3360,2753
3361,1938
3362,1142
3364,4030
3366,2997
3367,2869
3368,1008
3369,4835
3370,1553
3371,6508
3376,1926
3377,3670
3378,4382
3380,6613
3381,4089
3382,8956
3383,2151
3384,1086
3387,5518
3389,6527
3390,2025
3391,8259
3392,5119
3394,7646
3395,5500
3397,5697
3398,5663
3399,4352
3401,2807
3402,8605
3404,5694
3408,3884
3409,2734
3410,3910
3411,2770
3412,5497
3413,6870
3414,2389
3416,7776
3418,8248
3419,4117
3420,7989
3421,8269
3422,5886
3423,3228
3424,2933
3426,3139
3427,1135
3429,6787
3431,2282
3433,6433
3434,6396
3435,7824
3437,2560
3439,4328
3442,5315
3444,6616
3445,3354
3446,1033
3449,5744
3451,1103
3452,7082
3453,8355
3454,2949
3455,2978
3456,7346
3460,2802
3461,2730
3463,4034
3465,5167
3466,4549
3468,8553
3469,6142
3470,5766
3471,2728
3475,8385
3476,7955
3477,6934
3478,2287
3480,7406
3482,2813
3484,2749
3485,6965
3486,3890
3487,4130
3490,7914
3491,1958
3492,2290
3493,2102
3494,7275
3496,2312
3497,8544
3498,4248
3499,6305
3501,7553
3502,5813
3503,2685
3505,5023
3507,6756
3510,5863
3512,3709
3513,6853
3514,5986
3515,2168
3518,7143
3519,8551
3521,3280
3523,2591
3524,7859
3526,5537
3527,2996
3528,1006
3529,5841
3530,8585
3531,1747
3532,8580
3535,1584
3536,1955
3537,3163
3538,1314
3540,4652
3541,5175
3542,4178
3543,7825
3547,4388
3548,4147
3549,2870
3551,6921
3552,3224
3553,2655
3554,8962
3556,3764
3558,1729
3561,1293
3563,3323
3565,7439
3567,2805
3568,6139
3569,3576
3571,5606
3572,7259
3574,6683
3575,4339
3578,3362
3580,5260
3583,2171
3585,2759
3586,6609
3587,4612
3589,6150
3591,8552
3593,8301
3594,8330
3597,4116
3599,3803
3601,7366
3604,8230
3605,5602
3606,7669
3607,5990
3608,6507
3609,8231
3612,3028
3616,8134
3617,2520
3619,4222
3620,8031
3621,2014
3622,8324
3625,1021
3628,1500
3629,7172
3630,1042
3631,4683
3633,2206
3635,2836
3638,5372
3639,4684
3640,6598
3641,7700
3642,6424
3644,5720
3645,3970
3647,2551
3648,1592
3649,7660
3650,8203
3651,6055
3652,3052
3654,1610
3655,5433
3657,3073
3659,2397
3660,5637
3661,2670
3663,8108
3664,4469
3666,1717
3667,3972
3668,2023
3670,5716
3671,8583
3673,5070
3674,1701
3675,5989
3676,6401
3677,1131
3679,3316
3680,3924
3681,5784
3683,5343
3684,3470
3685,4940
3686,5771
3687,2857
3689,8427
3690,6284
3692,5648
3696,7239
3699,6304
3703,5189
3705,3694
3710,7524
3711,2519
3712,7798
3713,7148
3714,6341
3715,7611
3718,8207
3719,7837
3720,7353
3721,6308
3723,4583
3724,8272
3725,4202
3726,3208
3727,6987
3731,4597
3733,2964
3735,5348
3736,8711
3740,5265
3742,3103
3743,5951
3746,1310
3747,3949
3749,8712
3750,3964
