nombre,celular,dni,pin
Declan Knox,017-650-0608,3672110,4781
Odysseus Keller,062-658-6371,4444490,7114
Rae Sloan,(616)-498-2654,4571260,3043
Knox Hubbard,009-153-8907,4661990,3904
Kameko Kane,(703)-844-5408,4687130,5759
Melinda Maxwell,(761)-762-7860,4975210,7114
Leila Kramer,(571)-320-5702,4989650,3877
TaShya Barron,(368)-184-3039,4989780,6013
Lisandra Montgomery,(217)-163-8241,5011630,3270
Carly Cotton,(312)-494-6111,5054910,8560
Shaeleigh Douglas,(902)-942-2943,5065950,8239
Malcolm Watkins,038-086-2931,5077210,4954
Griffith Horton,048-224-3728,5119190,2467
Zahir Gibbs,014-349-9745,5127680,2095
Cooper Carr,008-804-1547,5145690,1278
Gisela Bradford,(465)-150-9576,5173100,1927
Rahim Frye,056-094-0404,5204590,4890
Martena Bradshaw,(809)-894-3803,5256070,8162
Warren Clements,045-730-5213,5354110,5462
Murphy Madden,076-417-9638,5410840,6736
Ezra Snyder,089-804-7783,5427370,5505
Portia Hatfield,(335)-671-2923,5537860,4639
Alma Mcknight,(129)-785-9080,5567020,8471
Fulton Robinson,064-780-7028,5581460,1345
Zelda Combs,(129)-730-3600,5588080,4508
Marny Green,(946)-238-8991,5614190,4902
Naomi Sharp,(786)-819-8791,5632370,1336
Nyssa Brady,(524)-744-3587,5812600,8730
Merritt Allen,006-398-6080,5879610,3969
Jelani Carver,072-468-2374,5889750,7040
Harlan Strong,085-646-8176,5896200,9685
Cally Gregory,(143)-221-3134,5941940,8928
Zeph Morris,013-884-4636,5944930,7328
Howard Guerra,030-681-1351,5974280,2786
McKenzie Cooley,(407)-321-2539,6018670,7751
Rae Noel,(647)-928-8782,6029990,3468
George Emerson,079-948-2786,6034920,6917
Ivy West,(712)-454-1765,6066320,1795
Alexandra Jarvis,(632)-101-2494,6105440,9465
Dawn Kaufman,(731)-240-9956,6134650,8415
Reuben Diaz,038-556-9583,6152670,1622
Ifeoma Clemons,(981)-927-8384,6231120,4540
Cullen Deleon,049-176-1672,6259900,2351
Jolie Matthews,(785)-304-4363,6266310,5400
Alan Lindsey,098-686-5218,6286710,5244
Lance Weber,055-151-6312,6429440,4359
Graiden Bennett,036-701-8896,6545030,5316
Lacota Boyd,(694)-806-8049,6560630,9651
Xanthus Hammond,023-672-3667,6606990,7776
Jordan Blanchard,000-455-5933,6682510,6736
