Xander Morse,088-507-4258,1494910,7090
Penelope Lowery,(451)-147-8425,1555590,4710
Uta Wolf,(487)-351-6896,1637440,7328
Nevada Mcbride,(994)-590-6017,2087720,7683
Nasim Le,028-949-3771,2545670,9243
Thor Gonzales,043-307-1063,2639150,9977
Kimberly Summers,(101)-144-0395,2646710,6570
Lynn Morrison,(862)-697-9318,2705610,2439
Sybill Cortez,(467)-352-2024,2990120,4923
Serina Flynn,(450)-436-0589,3124960,8115
Demetrius Tanner,081-109-6279,3157940,2874
Sage Combs,(956)-837-8970,3395300,8071
Macon Hancock,068-122-4454,3450770,6220
Camille Washington,(481)-116-2694,3519960,4334
Declan Knox,017-650-0608,3672110,4781
Rhea Monroe,(713)-354-9596,3771470,5738
Omar Weaver,082-907-1645,4205820,4941
Echo Trevino,(933)-184-9144,4306090,1005
Ralph Schwartz,026-885-8307,4349060,9475
Odysseus Keller,062-658-6371,4444490,7114
Rae Sloan,(616)-498-2654,4571260,3043
Nasim Faulkner,013-854-8004,4636830,6872
Tiger Maldonado,000-635-6548,4642030,7693
Knox Hubbard,009-153-8907,4661990,3904
Kameko Kane,(703)-844-5408,4687130,5759
Ivor Curry,040-193-4268,4826250,3364
Zeph Haney,098-338-8632,4918210,3037
Carson Griffin,064-856-1342,4926290,4240
Nina Holman,(761)-600-5161,4966840,9302
Galvin French,071-122-5569,4967820,8945
Colorado Sargent,026-097-5725,4973300,2084
Melinda Maxwell,(761)-762-7860,4975210,7114
Finn Deleon,014-577-3140,4979870,2323
Paula Stuart,(281)-961-2285,4981590,8267
Leila Kramer,(571)-320-5702,4989650,3877
TaShya Barron,(368)-184-3039,4989780,6013
Marcia Mcconnell,(181)-102-7362,4992070,9527
Warren Moreno,023-419-6164,5003530,6748
Wylie Norman,029-234-1400,5008720,5051
Adara Spence,(283)-823-0804,5011530,3053
Lisandra Montgomery,(217)-163-8241,5011630,3270
Benjamin Francis,068-713-5452,5011970,5731
Harding Villarreal,061-732-2609,5043460,3854
Carly Cotton,(312)-494-6111,5054910,8560
Marshall Wise,048-221-7936,5055570,2879
Shaeleigh Douglas,(902)-942-2943,5065950,8239
Erin Finley,(561)-837-4983,5066680,2140
Malcolm Watkins,038-086-2931,5077210,4954
Kelly Woodard,090-105-2413,5100950,7218
Griffith Horton,048-224-3728,5119190,2467
Zahir Gibbs,014-349-9745,5127680,2095
Jonah Foreman,007-901-2885,5145580,5144
Cooper Carr,008-804-1547,5145690,1278
Gisela Bradford,(465)-150-9576,5173100,1927
Wynter Ware,(882)-259-3811,5174370,2714
Xanthus Moon,012-027-8158,5192300,6482
Rahim Frye,056-094-0404,5204590,4890
Judah Terry,034-685-1597,5211030,8466
Eve Hahn,(701)-204-4997,5228950,4093
Xena Jenkins,(317)-796-0466,5242600,8581
Murphy Craig,054-779-6936,5255420,4336
Martena Bradshaw,(809)-894-3803,5256070,8162
Daphne Sanders,(323)-157-6921,5266370,6552
Davis Perkins,021-652-1976,5293530,9046
Iris Cantrell,(704)-981-5782,5325480,6864
Freya Wright,(331)-331-3679,5345480,3243
Dexter Graves,070-686-1916,5350780,5662
Warren Clements,045-730-5213,5354110,5462
Geoffrey Golden,093-399-1206,5354890,6645
Martena Lang,(727)-137-0798,5367320,5405
Winter Strickland,(249)-113-1628,5374960,3303
Phillip Salas,074-298-6869,5380140,4978
Jessica Nolan,(441)-919-3276,5385110,2441
Minerva Herrera,(953)-211-8860,5391270,6436
Josephine Mack,(581)-242-4460,5395180,4465
Murphy Madden,076-417-9638,5410840,6736
Dexter Ellis,032-954-0635,5422850,9603
Ezra Snyder,089-804-7783,5427370,5505
Julie Day,(884)-308-8765,5427720,4920
Yoshi Garrison,(710)-547-8280,5470490,5174
Zephania Benjamin,012-364-4766,5479620,8696
Hillary Ryan,(364)-460-1214,5498030,7070
Basia Hopkins,(612)-500-3942,5518610,7428
Freya Holcomb,(531)-511-6309,5523410,6831
Howard Higgins,016-818-2988,5526670,4098
Mariam Downs,(242)-712-9520,5534270,2264
Portia Hatfield,(335)-671-2923,5537860,4639
Merrill Thompson,030-479-5840,5546950,6413
Lewis Knapp,059-125-0824,5547510,5706
Alma Mcknight,(129)-785-9080,5567020,8471
Bree Jacobson,(736)-117-7889,5577370,2728
Fulton Robinson,064-780-7028,5581460,1345
Colt Clayton,068-949-3856,5582430,1012
Zelda Combs,(129)-730-3600,5588080,4508
Finn Morton,008-319-9891,5594380,7004
Cain Kane,061-583-2105,5597870,9454
Mechelle Riddle,(532)-954-5236,5601200,7171
Aaron Santana,037-722-6507,5606730,6838
Marny Green,(946)-238-8991,5614190,4902
Owen Frank,023-271-7738,5622220,9545
Fletcher Prince,039-946-5413,5624640,2047
Naomi Sharp,(786)-819-8791,5632370,1336
Noah Morin,059-797-0178,5633180,8723
Ruby Potter,(950)-820-5775,5651350,8198
Elvis Saunders,097-793-7254,5662530,4224
Laith Reed,005-401-5645,5665820,4035
Angela Torres,(158)-487-3283,5675490,1665
Imelda Fletcher,(458)-336-2970,5683640,2034
Chancellor Ochoa,063-077-2969,5692320,7003
Levi Day,083-105-0110,5698270,8468
Emma Joyner,(631)-629-0959,5710230,1257
Nissim Stein,066-008-6329,5720890,9100
Reuben Gillespie,020-685-4903,5729750,8533
Dalton Anderson,022-417-3676,5731810,9949
Odette Carey,(784)-762-3623,5735990,8882
Lee Parks,022-547-3671,5745010,7670
Forrest Hobbs,072-353-1606,5752210,4775
Imani Keith,(955)-900-5604,5755090,8408
Coby Hoffman,093-635-8250,5764410,5355
Wendy Landry,(464)-670-0409,5778140,6522
Noelani Preston,(971)-706-6429,5781830,8586
Sigourney Bishop,(677)-606-3161,5790280,6656
Freya Collier,(369)-855-1126,5794570,9933
Pamela Harper,(611)-681-3068,5798120,3881
Hillary Finley,(880)-671-1164,5801990,8402
Nyssa Brady,(524)-744-3587,5812600,8730
Kylee Torres,(438)-357-9932,5818870,6841
Brenna Campos,(232)-999-0872,5823020,3325
Hanna Benton,(904)-640-3029,5824170,7260
Lee Frost,040-759-4368,5871200,3080
Celeste Jimenez,(610)-188-4676,5876170,2482
Merritt Allen,006-398-6080,5879610,3969
Jelani Carver,072-468-2374,5889750,7040
Harlan Strong,085-646-8176,5896200,9685
Marsden West,041-563-2294,5901700,7947
Burke Barnett,027-969-9227,5927970,3578
Lucian Moon,006-336-3551,5932870,7561
Cally Gregory,(143)-221-3134,5941940,8928
Alan Jefferson,092-142-4896,5943510,6676
Zeph Morris,013-884-4636,5944930,7328
Elvis Berg,091-679-1970,5952190,8029
Howard Guerra,030-681-1351,5974280,2786
Madaline Bonner,(572)-779-4307,5975850,6469
Jameson Calderon,021-953-3784,5993630,1792
Curran Solis,075-595-5883,6015750,7972
McKenzie Cooley,(407)-321-2539,6018670,7751
Leah Terry,(974)-366-5310,6021780,9484
Rae Noel,(647)-928-8782,6029990,3468
Simon Vinson,024-631-7955,6033690,6398
George Emerson,079-948-2786,6034920,6917
Darrel Blackwell,(538)-418-8531,6035300,9493
Armando Osborn,063-512-8448,6037820,5707
Cara Cote,(750)-152-2933,6055000,5845
Ivy West,(712)-454-1765,6066320,1795
Brody Evans,080-685-7715,6068350,8534
Tana Eaton,(635)-309-1531,6068440,1959
Alexandra Jarvis,(632)-101-2494,6105440,9465
Reece Burks,081-306-8293,6123420,2451
Dawn Kaufman,(731)-240-9956,6134650,8415
Sloane Hahn,(297)-106-8289,6151600,8266
Reuben Diaz,038-556-9583,6152670,1622
Blair Roach,(482)-588-8111,6158000,3030
Drew Maldonado,067-362-8526,6174720,3202
Chantale Delacruz,(734)-247-2738,6175320,6761
Scott Orr,025-107-1944,6176840,8404
Jolene Hicks,(891)-209-5227,6187460,1181
Yoshio Stafford,019-604-8233,6188100,7717
Adam Barnett,039-742-9661,6193720,4333
Caesar Hinton,031-784-8973,6213940,9974
Gwendolyn Tanner,(940)-575-3614,6227110,8699
Ifeoma Clemons,(981)-927-8384,6231120,4540
Macey Gay,(417)-619-3052,6232990,4581
Phyllis Smith,(736)-361-8983,6236050,1038
Sierra Miles,(734)-696-8254,6245970,7693
Mariko Daugherty,(962)-592-9343,6256290,6957
Emma Chase,(715)-894-0521,6258880,5238
Cullen Deleon,049-176-1672,6259900,2351
Hakeem Stafford,073-411-9245,6261760,3892
Jolie Matthews,(785)-304-4363,6266310,5400
Anjolie Henson,(792)-300-8933,6273610,8244
Palmer Forbes,000-821-9217,6280870,7860
Alan Lindsey,098-686-5218,6286710,5244
Tanya Head,(771)-482-1012,6299610,1395
Felicia Myers,(134)-388-1762,6301130,3592
Ishmael Burns,021-258-6582,6305450,8757
Nolan Carpenter,020-642-5771,6401920,3020
Lance Weber,055-151-6312,6429440,4359
Derek Jackson,012-592-1408,6434000,9742
Quynn Moody,(965)-841-8650,6439620,7967
Lana Sykes,(511)-641-4243,6462750,4444
Summer Rosario,(791)-197-5735,6488070,5993
Graiden Bennett,036-701-8896,6545030,5316
Amanda Fernandez,(968)-463-0727,6553830,7523
Lacota Boyd,(694)-806-8049,6560630,9651
Lucian Coffey,045-999-9219,6588060,2854
Xanthus Hammond,023-672-3667,6606990,7776
Chaim Gonzales,031-333-1774,6626150,6945
Yuri Short,(381)-788-3479,6629550,5093
Jordan Blanchard,000-455-5933,6682510,6736
Olivia Moore,(722)-818-6807,6691350,6285
